{
	"upper_lid": 1125,
	"lower_lid": 1160,
	"inner_corner": 6094,
	"outer_corner": 6042,
	"upperEdges_lash": [
		27,
		18,
		4,
		3,
		0,
		2,
		42,
		14,
		13,
		11,
		12,
		17,
		16,
		15,
		5,
		43
	],
	"upperLidVerts_lash": [
		4737,
		599,
		1264,
		1263,
		1262,
		1261,
		1260,
		1138,
		1137,
		1136,
		1135,
		1144,
		1139,
		1142,
		1282,
		1281
	],
	"lowerEdges_lash": [
		23,
		24,
		21,
		22,
		16,
		17,
		33,
		3,
		4,
		7,
		13,
		19,
		1
	],
	"lowerLidVerts_lash": [
		611,
		609,
		607,
		605,
		602,
		598,
		596,
		594,
		588,
		586,
		584,
		580,
		581
	],
	"plicaDisp": [
		0.010262,
		0.0070157,
		0.002787
	],
	"plicaDist": 0.013,
	"upper_blinker_tail_x": 0.0,
	"upper_blinker_tail_y": -1.33367,
	"upper_blinker_tail_z": 0.45673,
	"lower_blinker_tail_x": 0.0,
	"lower_blinker_tail_y": -1.21273,
	"lower_blinker_tail_z": -0.68972,
	"eyelash_parameters": {
		"1": {
			"thickness": [
				0.009,
				0.005
			],
			"amount": [
				20,
				15
			],
			"clump": [
				0.5,
				0.3
			],
			"clump_shape": 0.5,
			"length": [
				1.0,
				0.9
			]
		},
		"2": {
			"thickness": [
				0.008,
				0.005
			],
			"amount": [
				30,
				20
			],
			"clump": [
				0.5,
				0.1
			],
			"clump_shape": 0.5,
			"length": [
				1.0,
				1.0
			]
		},
		"3": {
			"thickness": [
				0.0035,
				0.0035
			],
			"amount": [
				25,
				10
			],
			"clump": [
				0.5,
				0.1
			],
			"clump_shape": 0.5,
			"length": [
				1.0,
				1.0
			]
		},
		"4": {
			"thickness": [
				0.006,
				0.004
			],
			"amount": [
				40,
				15
			],
			"clump": [
				0.5,
				0.3
			],
			"clump_shape": 0.5,
			"length": [
				1.0,
				0.75
			]
		},
		"5": {
			"thickness": [
				0.006,
				0.004
			],
			"amount": [
				20,
				10
			],
			"clump": [
				0.1,
				0.1
			],
			"clump_shape": 0.5,
			"length": [
				0.8,
				0.8
			]
		},
		"6": {
			"thickness": [
				0.005,
				0.003
			],
			"amount": [
				20,
				10
			],
			"clump": [
				0.3,
				0.2
			],
			"clump_shape": 0.5,
			"length": [
				0.75,
				0.75
			]
		},
		"7": {
			"thickness": [
				0.015,
				0.008
			],
			"amount": [
				40,
				20
			],
			"clump": [
				0.5,
				0.2
			],
			"clump_shape": 0.5,
			"length": [
				1.0,
				1.0
			]
		},
		"8": {
			"thickness": [
				0.01,
				0.008
			],
			"amount": [
				30,
				15
			],
			"clump": [
				0.3,
				0.1
			],
			"clump_shape": 0.5,
			"length": [
				1.0,
				0.9
			]
		},
		"9": {
			"thickness": [
				0.015,
				0.007
			],
			"amount": [
				40,
				15
			],
			"clump": [
				0.4,
				0.15
			],
			"clump_shape": 0.5,
			"length": [
				1.0,
				0.9
			]
		},
		"10": {
			"thickness": [
				0.015,
				0.007
			],
			"amount": [
				40,
				15
			],
			"clump": [
				0.4,
				0.15
			],
			"clump_shape": 0.5,
			"length": [
				1.0,
				0.9
			]
		},
		"11": {
			"thickness": [
				0.009,
				0.008
			],
			"amount": [
				30,
				15
			],
			"clump": [
				0.2,
				0.15
			],
			"clump_shape": 0.5,
			"length": [
				1.0,
				0.8
			]
		},
		"12": {
			"thickness": [
				0.009,
				0.005
			],
			"amount": [
				30,
				15
			],
			"clump": [
				0.1,
				0.15
			],
			"clump_shape": 0.5,
			"length": [
				1.0,
				0.9
			]
		},
		"13": {
			"thickness": [
				0.015,
				0.01
			],
			"amount": [
				50,
				20
			],
			"clump": [
				0.5,
				0.3
			],
			"clump_shape": 0.5,
			"length": [
				1.0,
				0.8
			]
		},
		"14": {
			"thickness": [
				0.012,
				0.01
			],
			"amount": [
				40,
				15
			],
			"clump": [
				0.5,
				0.3
			],
			"clump_shape": 0.5,
			"length": [
				1.0,
				1.0
			]
		},
		"15": {
			"thickness": [
				0.015,
				0.01
			],
			"amount": [
				35,
				10
			],
			"clump": [
				0.5,
				0.5
			],
			"clump_shape": 0.5,
			"length": [
				1.0,
				1.0
			]
		},
		"16": {
			"thickness": [
				0.007,
				0.005
			],
			"amount": [
				40,
				15
			],
			"clump": [
				0.2,
				0.2
			],
			"clump_shape": 0.5,
			"length": [
				1.0,
				0.9
			]
		},
		"17": {
			"thickness": [
				0.007,
				0.004
			],
			"amount": [
				25,
				15
			],
			"clump": [
				0.4,
				0.3
			],
			"clump_shape": 0.5,
			"length": [
				1.0,
				0.85
			]
		},
		"18": {
			"thickness": [
				0.016,
				0.005
			],
			"amount": [
				35,
				15
			],
			"clump": [
				0.5,
				0.45
			],
			"clump_shape": 0.5,
			"length": [
				1.0,
				0.75
			]
		},
		"19": {
			"thickness": [
				0.012,
				0.005
			],
			"amount": [
				30,
				15
			],
			"clump": [
				0.5,
				0.4
			],
			"clump_shape": 0.5,
			"length": [
				1.0,
				0.8
			]
		},
		"20": {
			"thickness": [
				0.012,
				0.008
			],
			"amount": [
				25,
				10
			],
			"clump": [
				0.5,
				0.1
			],
			"clump_shape": 0.5,
			"length": [
				0.9,
				0.8
			]
		},
		"21": {
			"thickness": [
				0.01,
				0.007
			],
			"amount": [
				30,
				15
			],
			"clump": [
				0.4,
				0.25
			],
			"clump_shape": 0.5,
			"length": [
				1.0,
				1.0
			]
		},
		"22": {
			"thickness": [
				0.012,
				0.01
			],
			"amount": [
				35,
				15
			],
			"clump": [
				0.5,
				0.3
			],
			"clump_shape": 0.5,
			"length": [
				1.0,
				0.8
			]
		},
		"23": {
			"thickness": [
				0.015,
				0.01
			],
			"amount": [
				30,
				20
			],
			"clump": [
				0.5,
				0.1
			],
			"clump_shape": 0.5,
			"length": [
				1.0,
				0.9
			]
		},
		"24": {
			"thickness": [
				0.02,
				0.004
			],
			"amount": [
				40,
				15
			],
			"clump": [
				0.4,
				0.2
			],
			"clump_shape": 0.5,
			"length": [
				1.0,
				0.75
			]
		}
	},
	"eyelid_vertices_upper": [
		555,
		556,
		557,
		558,
		559,
		560,
		561,
		562,
		563,
		564,
		565,
		566,
		567,
		571,
		589,
		590,
		591,
		592,
		599,
		600,
		603,
		1006,
		1026,
		1027,
		1028,
		1029,
		1100,
		1101,
		1102,
		1103,
		1104,
		1105,
		1106,
		1107,
		1108,
		1109,
		1110,
		1111,
		1112,
		1113,
		1114,
		1115,
		1116,
		1117,
		1118,
		1119,
		1120,
		1121,
		1122,
		1123,
		1124,
		1125,
		1126,
		1127,
		1128,
		1129,
		1130,
		1131,
		1132,
		1133,
		1134,
		1135,
		1136,
		1137,
		1138,
		1139,
		1140,
		1141,
		1142,
		1143,
		1144,
		1145,
		1146,
		1233,
		1234,
		1252,
		1253,
		1254,
		1255,
		1256,
		1257,
		1258,
		1259,
		1260,
		1261,
		1262,
		1263,
		1264,
		1268,
		1269,
		1277,
		1278,
		1279,
		1280,
		1281,
		1282,
		1283,
		1284,
		1285,
		1286,
		4683,
		4684,
		4685,
		4686,
		4687,
		4688,
		4689,
		4690,
		4691,
		4692,
		4693,
		4694,
		4695,
		4696,
		4697,
		4698,
		4699,
		4700,
		4735,
		4736,
		4737,
		4746,
		4757,
		4758,
		4759,
		4760,
		4761,
		4762,
		4763,
		4774,
		4775,
		4776,
		4777,
		4778,
		4784,
		4785,
		5910,
		5911,
		5912,
		5913,
		5914,
		5915,
		5916,
		5917,
		5940,
		5941,
		5942,
		5943,
		5944,
		5945,
		5946,
		5947,
		5948,
		5949,
		5950,
		5951,
		5952,
		5953,
		5954,
		5955,
		5956,
		5957,
		5958,
		5959,
		5960,
		5961,
		5962,
		5963,
		5964,
		5965,
		5968,
		5969,
		5970,
		5971,
		6006,
		6007,
		6008,
		6009,
		6023,
		6024,
		6025,
		6026,
		6027,
		6028,
		6029,
		6030,
		6031,
		6032,
		6033,
		6034,
		6035,
		6036,
		6038
	],