{
	"upper_lid" : 1125,
	"lower_lid" : 1160,
	"inner_corner": 6094,
	"outer_corner": 6042,
	"upperEdges" : [ 27, 18, 4, 3, 0, 2, 42, 14, 13, 11, 12, 17, 16, 15, 5, 43 ],
    "upperLidVerts" : [4737,599,1264,1263,1262,1261,1260,1138,1137,1136,1135,1144,1139,1142,1282,1281],
    "lowerEdges" : [ 23, 24, 21, 22, 16, 17, 33, 3, 4, 7, 13, 19, 1 ],
    "lowerLidVerts" : [611,609,607,605,602,598,596,594,588,586,584,580,581],
	"plicaDisp" : [0.010262,0.0070157,0.002787],
	"plicaDist" : 0.013,
	"upper_blinker_tail_x" : 0.0,
	"upper_blinker_tail_y" : -1.33367,
	"upper_blinker_tail_z" : 0.45673,
	"lower_blinker_tail_x" : 0.0,
	"lower_blinker_tail_y" : -1.21273,
	"lower_blinker_tail_z" : -0.68972,
	"eyelash_parameters" : {
		"1" : {
			"thickness" : [0.009, 0.005],
			"amount" : [20, 15],
			"clump" : [0.5, 0.3],
			"clump_shape" : 0.5,
			"length" : [1.0, 0.9]
		},
		"2" : {
			"thickness" : [0.008, 0.005],
			"amount" : [30, 20],
			"clump" : [0.5, 0.1],
			"clump_shape" : 0.5,
			"length" : [1.0, 1.0]
		},
		"3" : {
			"thickness" : [0.0035, 0.0035],
			"amount" : [25, 10],
			"clump" : [0.5, 0.1],
			"clump_shape" : 0.5,
			"length" : [1.0, 1.0]
		},
		"4" : {
			"thickness" : [0.006, 0.004],
			"amount" : [40, 15],
			"clump" : [0.5, 0.3],
			"clump_shape" : 0.5,
			"length" : [1.0, 0.75]
		},
		"5" : {
			"thickness" : [0.006, 0.004],
			"amount" : [20, 10],
			"clump" : [0.1, 0.1],
			"clump_shape" : 0.5,
			"length" : [0.8, 0.8]
		},
		"6" : {
			"thickness" : [0.005, 0.003],
			"amount" : [20, 10],
			"clump" : [0.3, 0.2],
			"clump_shape" : 0.5,
			"length" : [0.75, 0.75]
		},
		"7" : {
			"thickness" : [0.015, 0.008],
			"amount" : [40, 20],
			"clump" : [0.5, 0.2],
			"clump_shape" : 0.5,
			"length" : [1.0, 1.0]
		},
		"8" : {
			"thickness" : [0.01, 0.008],
			"amount" : [30, 15],
			"clump" : [0.3, 0.1],
			"clump_shape" : 0.5,
			"length" : [1.0, 0.9]
		},
		"9" : {
			"thickness" : [0.015, 0.007],
			"amount" : [40, 15],
			"clump" : [0.4, 0.15],
			"clump_shape" : 0.5,
			"length" : [1.0, 0.9]
		},
		"10" : {
			"thickness" : [0.015, 0.007],
			"amount" : [40, 15],
			"clump" : [0.4, 0.15],
			"clump_shape" : 0.5,
			"length" : [1.0, 0.9]
		},
		"11" : {
			"thickness" : [0.009, 0.008],
			"amount" : [30, 15],
			"clump" : [0.2, 0.15],
			"clump_shape" : 0.5,
			"length" : [1.0, 0.8]
		},
		"12" : {
			"thickness" : [0.009, 0.005],
			"amount" : [30, 15],
			"clump" : [0.1, 0.15],
			"clump_shape" : 0.5,
			"length" : [1.0, 0.9]
		},
		"13" : {
			"thickness" : [0.015, 0.01],
			"amount" : [50, 20],
			"clump" : [0.5, 0.3],
			"clump_shape" : 0.5,
			"length" : [1.0, 0.8]
		},
		"14" : {
			"thickness" : [0.012, 0.01],
			"amount" : [40, 15],
			"clump" : [0.5, 0.3],
			"clump_shape" : 0.5,
			"length" : [1.0, 1.0]
		},
		"15" : {
			"thickness" : [0.015, 0.01],
			"amount" : [35, 10],
			"clump" : [0.5, 0.5],
			"clump_shape" : 0.5,
			"length" : [1.0, 1.0]
		},
		"16" : {
			"thickness" : [0.007, 0.005],
			"amount" : [40, 15],
			"clump" : [0.2, 0.2],
			"clump_shape" : 0.5,
			"length" : [1.0, 0.9]
		},
		"17" : {
			"thickness" : [0.007, 0.004],
			"amount" : [25, 15],
			"clump" : [0.4, 0.3],
			"clump_shape" : 0.5,
			"length" : [1.0, 0.85]
		},
		"18" : {
			"thickness" : [0.016, 0.005],
			"amount" : [35, 15],
			"clump" : [0.5, 0.45],
			"clump_shape" : 0.5,
			"length" : [1.0, 0.75]
		},
		"19" : {
			"thickness" : [0.012, 0.005],
			"amount" : [30, 15],
			"clump" : [0.5, 0.40],
			"clump_shape" : 0.5,
			"length" : [1.0, 0.80]
		},
		"20" : {
			"thickness" : [0.012, 0.008],
			"amount" : [25, 10],
			"clump" : [0.5, 0.10],
			"clump_shape" : 0.5,
			"length" : [0.9, 0.8]
		},
		"21" : {
			"thickness" : [0.01, 0.007],
			"amount" : [30, 15],
			"clump" : [0.4, 0.25],
			"clump_shape" : 0.5,
			"length" : [1.0, 1.0]
		},
		"22" : {
			"thickness" : [0.012, 0.01],
			"amount" : [35, 15],
			"clump" : [0.5, 0.3],
			"clump_shape" : 0.5,
			"length" : [1.0, 0.8]
		},
		"23" : {
			"thickness" : [0.015, 0.01],
			"amount" : [30, 20],
			"clump" : [0.5, 0.1],
			"clump_shape" : 0.5,
			"length" : [1.0, 0.9]
		},
		"24" : {
			"thickness" : [0.02, 0.004],
			"amount" : [40, 15],
			"clump" : [0.4, 0.2],
			"clump_shape" : 0.5,
			"length" : [1.0, 0.75]
		}
	}
}